Domain,"Registered Date","Renewal Date","Cancelled Date","Renew Status"
americanaplace.com,2021-07-16,2022-07-16T00:00:00,"2022-03-19 23:43:42",Cancelled
calendarlists.com,2016-11-29,2022-11-29T00:00:00,,Automatic
camerabranded.com,2014-10-12,2022-10-12T00:00:00,"2022-04-09 22:51:39",Cancelled
cooljimmy.com,2013-10-08,2022-10-08T00:00:00,,Automatic
detailbase.com,2008-09-29,2022-09-29T00:00:00,"2022-04-09 22:53:10",Cancelled
dollardimestore.com,2020-03-06,2023-03-06T00:00:00,,Automatic
forfavorites.com,2020-04-04,2023-04-04T00:00:00,,Automatic
friglist.com,2003-11-12,2022-11-12T00:00:00,"2022-04-09 22:53:18",Cancelled
gooddaymusic.com,2014-05-01,2023-05-01T00:00:00,,Automatic
hi5.im,2019-11-21,2022-11-23T00:00:00,,Automatic
houseofwebs.com,2016-11-29,2022-11-29T00:00:00,,Automatic
jamesavakian.com,2009-03-15,2023-03-15T00:00:00,,Automatic
my1.im,2013-07-03,2022-07-11T00:00:00,,Automatic
mybook.im,2020-04-08,2023-04-10T00:00:00,"2022-04-09 22:53:49",Cancelled
mybusinessorganizer.com,2004-10-02,2022-10-02T00:00:00,,Automatic
mycamera.im,2020-04-08,2023-04-10T00:00:00,"2022-04-09 22:54:39",Cancelled
mydata.im,2020-04-08,2023-04-10T00:00:00,"2022-04-09 22:54:37",Cancelled
mydatebook.im,2010-10-15,2022-10-26T00:00:00,"2022-04-09 22:55:01",Cancelled
mydesk.im,2020-04-08,2023-04-10T00:00:00,"2022-04-09 22:55:11",Cancelled
mydiary.im,2020-04-08,2023-04-10T00:00:00,,Automatic
mydigitalpocketknife.com,2021-08-04,2022-08-04T00:00:00,"2022-04-09 22:56:21",Cancelled
mydrive.im,2020-04-08,2023-04-10T00:00:00,"2022-04-09 22:55:36",Cancelled
myexpenses.im,2020-04-08,2023-04-10T00:00:00,"2022-04-09 22:56:02",Cancelled
myimportantevents.com,2020-04-04,2023-04-04T00:00:00,"2022-04-09 22:56:35",Cancelled
myoneuniverse.com,2020-06-29,2022-06-29T00:00:00,,Automatic
mypasswordlocker.com,2016-11-29,2022-11-29T00:00:00,,Automatic
mypersonalorganizer.com,2003-11-17,2022-11-17T00:00:00,,Automatic
myrecipies365.com,2016-11-29,2022-11-29T00:00:00,"2022-04-09 22:56:53",Cancelled
mystuff.im,2020-04-08,2023-04-10T00:00:00,,Automatic
mytechnologyhouse.com,2021-07-16,2022-07-16T00:00:00,,Automatic
mywebs.im,2020-04-08,2023-04-10T00:00:00,,Automatic
opticalautomation.com,2000-11-06,2022-11-06T00:00:00,,Automatic
opticalautomation.us,2002-10-24,2022-10-23T00:00:00,,Automatic
productlistnetwork.com,2008-06-08,2022-06-08T00:00:00,"2022-04-09 22:57:49",Cancelled
shopperlady.com,2005-10-13,2022-10-13T00:00:00,,Automatic
shopperladytoday.com,2017-11-06,2022-11-06T00:00:00,,Automatic
snappylists.com,2021-08-13,2022-08-13T00:00:00,,Automatic
technologyandtimes.com,2016-09-24,2022-09-24T00:00:00,,Automatic
thebrandedseries.com,2021-06-04,2023-06-04T00:00:00,,Automatic
theproductlistnetwork.com,2008-06-12,2023-06-12T00:00:00,,Automatic
